{"depth_scale": 4000.0, "width": 640, "height": 480, "fx": 460.45703125, "fy": 460.30078125, "px": 312.6796875, "py": 249.06640625}