{"depth_scale": 4000.0, "width": 640, "height": 480, "fx": 600.3033447265625, "fy": 600.6979370117188, "px": 328.11273193359375, "py": 232.25021362304688}