{"depth_scale": 4000.0, "width": 640, "height": 480, "fx": 456.62890625, "fy": 456.5546875, "px": 305.28515625, "py": 263.68359375}