{"depth_scale": 4000.0, "width": 640, "height": 480, "fx": 461.203125, "fy": 461.6171875, "px": 329.234375, "py": 243.064453125}