{"depth_scale": 4000.0, "width": 640, "height": 480, "fx": 607.700439453125, "fy": 607.8282470703125, "px": 316.75469970703125, "py": 248.87815856933594}