{"depth_scale": 4000.0, "width": 640, "height": 480, "fx": 456.99609375, "fy": 457.3046875, "px": 320.25390625, "py": 250.35546875}