{"depth_scale": 4000.0, "width": 640, "height": 480, "fx": 598.834716796875, "fy": 598.750732421875, "px": 330.866455078125, "py": 244.43292236328125}