{"depth_scale": 4000.0, "width": 640, "height": 480, "fx": 603.1535034179688, "fy": 603.2015991210938, "px": 328.171142578125, "py": 245.97750854492188}