{"depth_scale": 1000.0, "width": 320, "height": 288, "fx": 174.93409729003906, "fy": 179.96331787109375, "px": 168.45681762695312, "py": 171.1561737060547}